"Onliner ID";Раздел;Производитель;Товар;Артикул;id-предложения;Цена;Валюта;"Описание предложения";Изготовитель;Импортер;"Сервисный центр";Гарантия;"Срок доставки по Минску";"Срок доставки по РБ";"Только для юр. лиц";"Наличие на складе";"В наличии на складе";"Срок рассрочки по Халве";"Onliner Prime";"Цена по промокоду";"Повышенная рассрочка Minipay";"Кредит на «Родныя тавары»"
5012406;"Электросамокаты и электроскутеры";Shtenli;"Model 3 GTR PROF li-on 36/7.8";;5012406001;790,00;BYN;"Сумка в комплекте. Гарантия 12 месяцев. Доставляем по всей РБ. Удобный самовывоз. Профессиональная консультация. Официальная гарантия. Ждем Вас!";"Штенли Груп Цонструцтион Инжинирг. Роберт-Бош-Штрассе. 10, 64807 Диебург, Германия.";"ООО ""ВорлдБизнесТрейд""";"г. Минск ул. Медвежино 10а";12;0;2;нет;in_stock;да;;нет;0,00;нет;нет
5012410;"Электросамокаты и электроскутеры";Shtenli;"Model 3 GTR PROF li-on 36/7.8 (с амортизаторами)";;5012410001;890,00;BYN;"Сумка в комплекте. Гарантия 12 месяцев. Доставляем по всей РБ. Удобный самовывоз. Профессиональная консультация. Официальная гарантия. Ждем Вас!";"Штенли Груп Цонструцтион Инжинирг. Роберт-Бош-Штрассе. 10, 64807 Диебург, Германия.";"ООО ""ВорлдБизнесТрейд""";"г. Минск ул. Медвежино 10а";12;0;2;нет;in_stock;да;;нет;0,00;нет;нет
5012411;"Электросамокаты и электроскутеры";Shtenli;"Model 3 GTR PROF li-on 36/7.8 (с сиденьем и амортизаторами)";;5012411001;1090,00;BYN;"Сумка в комплекте. Гарантия 12 месяцев. Доставляем по всей РБ. Удобный самовывоз. Профессиональная консультация. Официальная гарантия. Ждем Вас!";"Штенли Груп Цонструцтион Инжинирг. Роберт-Бош-Штрассе. 10, 64807 Диебург, Германия.";"ООО ""ВорлдБизнесТрейд""";"г. Минск ул. Медвежино 10а";12;0;2;нет;in_stock;да;;нет;0,00;нет;нет
5012408;"Электросамокаты и электроскутеры";Shtenli;"Model 3 GTR PROF li-on 36/7.8 (с сиденьем)";;5012408001;990,00;BYN;"Сумка в комплекте. Гарантия 12 месяцев. Доставляем по всей РБ. Удобный самовывоз. Профессиональная консультация. Официальная гарантия. Ждем Вас!";"Штенли Груп Цонструцтион Инжинирг. Роберт-Бош-Штрассе. 10, 64807 Диебург, Германия.";"ООО ""ВорлдБизнесТрейд""";"г. Минск ул. Медвежино 10а";12;0;2;нет;in_stock;да;;нет;0,00;нет;нет
4732446;Электровелосипеды;Shtenli;"Zsun Model F8 10.4А";;4732446001;1340,00;BYN;"Ваш надежный онлайн-магазин, где вы найдете широкий ассортимент товаров высокого качества по выгодным ценам. Удобное расположение: 300м от метро Ковальская Слобода. Быстрая доставка по Минску и РБ и отличное обслуживание — все для приятных покупок";"Штенли Груп Цонструцтион Инжинирг. Роберт-Бош-Штрассе. 10, 64807 Диебург, Германия.";"ООО ""ВорлдБизнесТрейд""";"г. Минск ул. Медвежино 10а";12;0;2;нет;in_stock;да;;нет;0,00;нет;нет
4757482;Видеокарты;ASRock;"Radeon RX 7650 GRE Challenger 8GB OC RX7650GRE CL 8GO";"RX7650GRE CL 8GO";4757482001;1024,00;BYN;"Ваш надежный онлайн-магазин, где вы найдете широкий ассортимент товаров высокого качества по выгодным ценам. Удобное расположение: 300м от метро Ковальская Слобода. Быстрая доставка по Минску и РБ и отличное обслуживание — все для приятных покупок";"Все варианты: ASRock Radeon RX 7650 GRE Challenger 8GB OC RX7650GRE CL 8GO";"ТрайдексБелПлюс ООО 223016 Минская обл. Минский р-н Новодворский с/с, 33/1-8 к.64 р-н д. Большое Стиклево";"г.Минск, ул. Быховская, д. 35";12;0;2;нет;;нет;;нет;1020,00;нет;нет
493665;Смесители;Grohe;"BauEdge 23333000";23333000;493665001;309,00;BYN;"Ваш надежный онлайн-магазин, где вы найдете широкий ассортимент товаров высокого качества по выгодным ценам. Удобное расположение: 300м от метро Ковальская Слобода. Быстрая доставка по Минску и РБ и отличное обслуживание — все для приятных покупок";"Грохе АГ. Германия, Фелдмухлеплатз 15 40545 Дусселдорф В.";"ООО САНТЕХПРОМ, 223021, аг. Озерцо, ул. Центральная 1Б Частное предприятие ""Мир моек"", 220007, г. Минск , ул. Володько д.6, корпус 6., офис 19";"2200007, г. Минск, ул. Быховская, д. 35, офис 11Н";12;7;8;нет;;нет;;нет;299,00;нет;нет
767409;Смесители;Grohe;"BauEdge 23330000";23330000;767409001;309,00;BYN;"Ваш надежный онлайн-магазин, где вы найдете широкий ассортимент товаров высокого качества по выгодным ценам. Удобное расположение: 300м от метро Ковальская Слобода. Быстрая доставка по Минску и РБ и отличное обслуживание — все для приятных покупок";"Грохе АГ. Германия, Фелдмухлеплатз 15 40545 Дусселдорф В.";"ООО САНТЕХПРОМ, 223021, аг. Озерцо, ул. Центральная 1Б Частное предприятие ""Мир моек"", 220007, г. Минск , ул. Володько д.6, корпус 6., офис 19";"2200007, г. Минск, ул. Быховская, д. 35, офис 11Н";12;7;8;нет;;нет;;нет;299,00;нет;нет
1190786;Смесители;Grohe;"BauEdge 23758000";23758000;1190786001;365,00;BYN;"Ваш надежный онлайн-магазин, где вы найдете широкий ассортимент товаров высокого качества по выгодным ценам. Удобное расположение: 300м от метро Ковальская Слобода. Быстрая доставка по Минску и РБ и отличное обслуживание — все для приятных покупок";"Грохе АГ. Германия, Фелдмухлеплатз 15 40545 Дусселдорф В.";"ООО САНТЕХПРОМ, 223021, аг. Озерцо, ул. Центральная 1Б Частное предприятие ""Мир моек"", 220007, г. Минск , ул. Володько д.6, корпус 6., офис 19";"2200007, г. Минск, ул. Быховская, д. 35, офис 11Н";12;7;8;нет;;нет;;нет;355,00;нет;нет
320278;Смесители;Grohe;"Eurosmart Cosmopolitan 23327000 (хром)";23327000;320278001;449,00;BYN;"Ваш надежный онлайн-магазин, где вы найдете широкий ассортимент товаров высокого качества по выгодным ценам. Удобное расположение: 300м от метро Ковальская Слобода. Быстрая доставка по Минску и РБ и отличное обслуживание — все для приятных покупок";"Грохе АГ. Германия, Фелдмухлеплатз 15 40545 Дусселдорф В.";"ООО САНТЕХПРОМ, 223021, аг. Озерцо, ул. Центральная 1Б Частное предприятие ""Мир моек"", 220007, г. Минск , ул. Володько д.6, корпус 6., офис 19";"2200007, г. Минск, ул. Быховская, д. 35, офис 11Н";12;7;8;нет;;нет;;нет;439,00;нет;нет
733271;Смесители;Grohe;"Essence New 32901001 (хром)";32901001;733271001;1049,00;BYN;"Ваш надежный онлайн-магазин, где вы найдете широкий ассортимент товаров высокого качества по выгодным ценам. Удобное расположение: 300м от метро Ковальская Слобода. Быстрая доставка по Минску и РБ и отличное обслуживание — все для приятных покупок";"Грохе АГ. Германия, Фелдмухлеплатз 15 40545 Дусселдорф В.";"ООО САНТЕХПРОМ, 223021, аг. Озерцо, ул. Центральная 1Б Частное предприятие ""Мир моек"", 220007, г. Минск , ул. Володько д.6, корпус 6., офис 19";"2200007, г. Минск, ул. Быховская, д. 35, офис 11Н";12;7;8;нет;;нет;;нет;1039,00;нет;нет
1531174;Смесители;Grohe;"Bau Cosmopolitan E 36451000";36451000;1531174001;785,00;BYN;"Ваш надежный онлайн-магазин, где вы найдете широкий ассортимент товаров высокого качества по выгодным ценам. Удобное расположение: 300м от метро Ковальская Слобода. Быстрая доставка по Минску и РБ и отличное обслуживание — все для приятных покупок";"Грохе АГ. Германия, Фелдмухлеплатз 15 40545 Дусселдорф В.";"ООО САНТЕХПРОМ, 223021, аг. Озерцо, ул. Центральная 1Б Частное предприятие ""Мир моек"", 220007, г. Минск , ул. Володько д.6, корпус 6., офис 19";"2200007, г. Минск, ул. Быховская, д. 35, офис 11Н";12;7;8;нет;;нет;;нет;775,00;нет;нет
5128153;Триммеры;Shtenli;"PRO 2100";;5128153001;249,00;BYN;"Ваш надежный онлайн-магазин, где вы найдете широкий ассортимент товаров высокого качества по выгодным ценам. Удобное расположение: 300м от метро Ковальская Слобода. Быстрая доставка и отличное обслуживание — все для приятных покупок";"Штенли Груп Цонструцтион Инжинирг. Роберт-Бош-Штрассе. 10, 64807 Диебург, Германия.";"ООО ""ВорлдБизнесТрейд""";"г. Минск ул. Медвежино, 10а";12;1;2;нет;in_stock;да;;нет;0,00;нет;нет
1791171;Гитары;Yamaha;"Pacifica 112J (красный металлик)";"PAC112J RM";1791171001;0,00;BYN;"Ваш надежный онлайн-магазин, где вы найдете широкий ассортимент товаров высокого качества по выгодным ценам. Удобное расположение: 300м от метро Ковальская Слобода. Быстрая доставка и отличное обслуживание — все для приятных покупок";"Ямаха Корпорейшн. 10-1, Наказава-чо, Нака-ку,Хамамацу, Сидзуока 430-8650, Япония.";"ООО ""Клуб Ривьера""";"г. Минск, ул. Быховская, д. 35, пом. 11Н";12;7;8;нет;;нет;;нет;0,00;нет;нет
1791164;Гитары;Yamaha;"Pacifica 112J (старый санберст)";"PAC112JL OVS";1791164001;1399,00;BYN;"Ваш надежный онлайн-магазин, где вы найдете широкий ассортимент товаров высокого качества по выгодным ценам. Удобное расположение: 300м от метро Ковальская Слобода. Быстрая доставка и отличное обслуживание — все для приятных покупок";"Ямаха Корпорейшн. 10-1, Наказава-чо, Нака-ку,Хамамацу, Сидзуока 430-8650, Япония.";"ООО ""Клуб Ривьера""";"г. Минск, ул. Быховская, д. 35, пом. 11Н";12;7;8;нет;;нет;;нет;1389,00;нет;нет
1791131;Гитары;Yamaha;"Pacifica 112J (черный)";"PAC112J BL";1791131001;1399,00;BYN;"Ваш надежный онлайн-магазин, где вы найдете широкий ассортимент товаров высокого качества по выгодным ценам. Удобное расположение: 300м от метро Ковальская Слобода. Быстрая доставка и отличное обслуживание — все для приятных покупок";"Ямаха Корпорейшн. 10-1, Наказава-чо, Нака-ку,Хамамацу, Сидзуока 430-8650, Япония.";"ООО ""Клуб Ривьера""";"г. Минск, ул. Быховская, д. 35, пом. 11Н";12;7;8;нет;;нет;;нет;1389,00;нет;нет
5116357;"Мультимедиа акустика";Harman/Kardon;"SoundSticks 5 (белый)";HKSOUNDSTK5W;5116357001;1499,00;BYN;"Ваш надежный онлайн-магазин, где вы найдете широкий ассортимент товаров высокого качества по выгодным ценам. Удобное расположение: 300м от метро Ковальская Слобода. Быстрая доставка и отличное обслуживание — все для приятных покупок";"ХАРМАН Интернешнл Индастриес Инцорпоратед. 400 Атлантик стрит, 15-й этаж Стамфорд, ЦТ 06901.";"ООО «АйТи Дистрибуция» Минский р-н, Боровлянский с/с, д. Дроздово, 103/3-7, пом. 7-50";"г.Минск ул.Быховская д.35";12;8;9;нет;;нет;;нет;1479,00;нет;нет
5116361;"Мультимедиа акустика";Harman/Kardon;"SoundSticks 5 (черный)";HKSOUNDSTK5B;5116361001;1499,00;BYN;"Ваш надежный онлайн-магазин, где вы найдете широкий ассортимент товаров высокого качества по выгодным ценам. Удобное расположение: 300м от метро Ковальская Слобода. Быстрая доставка и отличное обслуживание — все для приятных покупок";"ХАРМАН Интернешнл Индастриес Инцорпоратед. 400 Атлантик стрит, 15-й этаж Стамфорд, ЦТ 06901.";"ООО «АйТи Дистрибуция» Минский р-н, Боровлянский с/с, д. Дроздово, 103/3-7, пом. 7-50";"г.Минск ул.Быховская д.35";12;8;9;нет;;нет;;нет;1479,00;нет;нет
4014178;"Беспроводные и портативные колонки";Harman/Kardon;"Onyx Studio 8 (темно-синий)";HKOS8BLUUK;4014178001;999,00;BYN;"Ваш надежный онлайн-магазин, где вы найдете широкий ассортимент товаров высокого качества по выгодным ценам. Удобное расположение: 300м от метро Ковальская Слобода. Быстрая доставка и отличное обслуживание — все для приятных покупок";"ХАРМАН Интернешнл Индастриес Инцорпоратед. 400 Атлантик стрит, 15-й этаж Стамфорд, ЦТ 06901.";"ООО «АйТи Дистрибуция» Минский р-н, Боровлянский с/с, д. Дроздово, 103/3-7, пом. 7-50";"г.Минск ул.Быховская д.35";12;8;9;нет;;нет;;нет;989,00;нет;нет
4908982;Ноутбуки;Chuwi;"CoreBook X CWI570-R5743016G512";CWI570-R5743016G512;4908982001;1649,00;BYN;"Ваш надежный онлайн-магазин, где вы найдете широкий ассортимент товаров высокого качества по выгодным ценам. Удобное расположение: 300м от метро Ковальская Слобода. Быстрая доставка по Минску и РБ и отличное обслуживание — все для приятных покупок";"Шэньчжэнь Цо. ЛТД. Китай, Улица Лунхуа Шэньчжэнь, 2-й этаж, офис Промышленная 3 ли Цзиньчэн Технология промышленного Парк-роуд.";"ТрайдексБелПлюс ООО 223016 Минская обл. Минский р-н Новодворский с/с, 33/1-8 к.64 р-н д. Большое Стиклево";"г.Минск, ул. Быховская, д. 35";12;3;4;нет;;нет;;нет;0,00;нет;нет
4888783;Ноутбуки;HP;"Victus 15-fb3093dx BM4X8UA";BM4X8UA;4888783001;0,00;BYN;"Ваш надежный онлайн-магазин, где вы найдете широкий ассортимент товаров высокого качества по выгодным ценам. Удобное расположение: 300м от метро Ковальская Слобода. Быстрая доставка по Минску и РБ и отличное обслуживание — все для приятных покупок";"Хьюлет-Паккард Компани. США, 3000 Ганновер-стрит Пало-Альто, Калифорния 94304-1185.";"ООО «Компьютеры и периферия» - г. Минск 1-й Измайловский пер. 51-5";"г.Минск, ул. Быховская, д. 35";12;2;3;нет;;нет;;нет;0,00;нет;нет
5003242;Ноутбуки;HP;"Victus 15-fb3120AX BT6E1PA";BT6E1PA;5003242001;0,00;BYN;"Ваш надежный онлайн-магазин, где вы найдете широкий ассортимент товаров высокого качества по выгодным ценам. Удобное расположение: 300м от метро Ковальская Слобода. Быстрая доставка по Минску и РБ и отличное обслуживание — все для приятных покупок";"Хьюлет-Паккард Компани. США, 3000 Ганновер-стрит Пало-Альто, Калифорния 94304-1185.";"ООО «Компьютеры и периферия» - г. Минск 1-й Измайловский пер. 51-5";"г.Минск, ул. Быховская, д. 35";12;3;4;нет;;нет;;нет;0,00;нет;нет
4965438;Блендеры;Braun;MQ50202M;MQ50202M;4965438001;349,00;BYN;"Ваш надежный онлайн-магазин, где вы найдете широкий ассортимент товаров высокого качества по выгодным ценам. Удобное расположение: 300м от метро Ковальская Слобода. Быстрая доставка и отличное обслуживание — все для приятных покупок";"Браун ГМБХ. Германия, Д-61476 Кронберг/Таунус, Франкфуртер Штрассе 145.";"ООО ""ТрайдексБелПлюс» 223053, Беларусь, Минская обл., Минск, Боровлянский с/с, 103/3-7, в районе д. Дроздово";"г. Минск, ул. Быховская. д. 35";12;7;8;нет;;нет;;нет;339,00;нет;нет
5071801;Ноутбуки;Chuwi;"CoreBook Air Plus CWI654-R5660016G512G";CWI654-R5660016G512G;5071801001;1761,95;BYN;"Ваш надежный онлайн-магазин, где вы найдете широкий ассортимент товаров высокого качества по выгодным ценам. Удобное расположение: 300м от метро Ковальская Слобода. Быстрая доставка по Минску и РБ и отличное обслуживание — все для приятных покупок";"Шэньчжэнь Цо. ЛТД. Китай, Улица Лунхуа Шэньчжэнь, 2-й этаж, офис Промышленная 3 ли Цзиньчэн Технология промышленного Парк-роуд.";"ТрайдексБелПлюс ООО 223016 Минская обл. Минский р-н Новодворский с/с, 33/1-8 к.64 р-н д. Большое Стиклево";"г.Минск, ул. Быховская, д. 35";12;0;2;нет;in_stock;да;;нет;0,00;нет;нет
5042195;"Беспроводные и портативные колонки";JBL;"PartyBox On-The-Go 2";JBLPARTYBOXOTG2B;5042195001;1999,00;BYN;"Ваш надежный онлайн-магазин, где вы найдете широкий ассортимент товаров высокого качества по выгодным ценам. Удобное расположение: 300м от метро Ковальская Слобода. Быстрая доставка и отличное обслуживание — все для приятных покупок";"Харман Интернешнл Индастриес ИНК. 8400 Бульвар Бальбоа, Нортридж, Калифорния 91329-0001 США.";"ООО «АйТи Дистрибуция» Минский р-н, Боровлянский с/с, д. Дроздово, 103/3-7, пом. 7-50";"г.Минск ул.Быховская д.35";12;8;9;нет;;нет;;нет;1979,00;нет;нет
4855448;"Беспроводные и портативные колонки";JBL;"PartyBox Encore 2 + 1 Wireless Mic";JBLPBENCORE2EP;4855448001;1465,00;BYN;"Ваш надежный онлайн-магазин, где вы найдете широкий ассортимент товаров высокого качества по выгодным ценам. Удобное расположение: 300м от метро Ковальская Слобода. Быстрая доставка и отличное обслуживание — все для приятных покупок";"ХАРМАН Интернешнл Индастриес Инцорпоратед. 400 Атлантик стрит, 15-й этаж Стамфорд, ЦТ 06901.";"ООО «АйТи Дистрибуция» Минский р-н, Боровлянский с/с, д. Дроздово, 103/3-7, пом. 7-50";"г.Минск ул.Быховская д.35";12;8;9;нет;;нет;;нет;1455,00;нет;нет
4902883;"Беспроводные и портативные колонки";JBL;"Partybox Encore Essential 2";JBLPBENCOREESS2AM;4902883001;1199,00;BYN;"Ваш надежный онлайн-магазин, где вы найдете широкий ассортимент товаров высокого качества по выгодным ценам. Удобное расположение: 300м от метро Ковальская Слобода. Быстрая доставка и отличное обслуживание — все для приятных покупок";"ХАРМАН Интернешнл Индастриес Инцорпоратед. 400 Атлантик стрит, 15-й этаж Стамфорд, ЦТ 06901.";"ООО «АйТи Дистрибуция» Минский р-н, Боровлянский с/с, д. Дроздово, 103/3-7, пом. 7-50";"г.Минск ул.Быховская д.35";12;8;9;нет;;нет;;нет;1189,00;нет;нет
4661532;"Беспроводные и портативные колонки";Trevi;"XF 3100 KB";"XF 3100 KB";4661532001;1399,00;BYN;"Ваш надежный онлайн-магазин, где вы найдете широкий ассортимент товаров высокого качества по выгодным ценам. Удобное расположение: 300м от метро Ковальская Слобода. Быстрая доставка и отличное обслуживание — все для приятных покупок";"Тревидея С.р.л. улица Консоларе Римини Сан Марино, 62, Италия.";"ООО «АйТи Дистрибуция» Минский р-н, Боровлянский с/с, д. Дроздово, 103/3-7, пом. 7-50";"г.Минск ул.Быховская д.35";12;8;9;нет;;нет;;нет;1379,00;нет;нет
4661422;"Беспроводные и портативные колонки";Manta;SPK5310PRO;SPK5310PRO;4661422001;699,00;BYN;"Ваш надежный онлайн-магазин, где вы найдете широкий ассортимент товаров высокого качества по выгодным ценам. Удобное расположение: 300м от метро Ковальская Слобода. Быстрая доставка и отличное обслуживание — все для приятных покупок";"Манта С.А. ул. Матушевскую 14 зародыше. С5, 03-876 Варшава, Польша";"ООО «АйТи Дистрибуция» Минский р-н, Боровлянский с/с, д. Дроздово, 103/3-7, пом. 7-50";"г.Минск ул.Быховская д.35";12;8;9;нет;;нет;;нет;689,00;нет;нет
4855476;"Беспроводные и портативные колонки";Manta;"Pallas SPK0805B140";SPK0805B140;4855476001;699,00;BYN;"Ваш надежный онлайн-магазин, где вы найдете широкий ассортимент товаров высокого качества по выгодным ценам. Удобное расположение: 300м от метро Ковальская Слобода. Быстрая доставка и отличное обслуживание — все для приятных покупок";"Манта С.А. ул. Матушевскую 14 зародыше. С5, 03-876 Варшава, Польша";"ООО «АйТи Дистрибуция» Минский р-н, Боровлянский с/с, д. Дроздово, 103/3-7, пом. 7-50";"г.Минск ул.Быховская д.35";12;8;9;нет;;нет;;нет;689,00;нет;нет
3976471;"Беспроводные и портативные колонки";Manta;SPK5350;SPK5350;3976471001;799,00;BYN;"Ваш надежный онлайн-магазин, где вы найдете широкий ассортимент товаров высокого качества по выгодным ценам. Удобное расположение: 300м от метро Ковальская Слобода. Быстрая доставка и отличное обслуживание — все для приятных покупок";"Манта С.А. ул. Матушевскую 14 зародыше. С5, 03-876 Варшава, Польша";"ООО «АйТи Дистрибуция» Минский р-н, Боровлянский с/с, д. Дроздово, 103/3-7, пом. 7-50";"г.Минск ул.Быховская д.35";12;8;9;нет;;нет;;нет;789,00;нет;нет
3976464;"Беспроводные и портативные колонки";Manta;SPK5450;SPK5450;3976464001;1399,00;BYN;"Ваш надежный онлайн-магазин, где вы найдете широкий ассортимент товаров высокого качества по выгодным ценам. Удобное расположение: 300м от метро Ковальская Слобода. Быстрая доставка и отличное обслуживание — все для приятных покупок";"Манта С.А. ул. Матушевскую 14 зародыше. С5, 03-876 Варшава, Польша";"ООО «АйТи Дистрибуция» Минский р-н, Боровлянский с/с, д. Дроздово, 103/3-7, пом. 7-50";"г.Минск ул.Быховская д.35";12;8;9;нет;;нет;;нет;1389,00;нет;нет
3889829;"Беспроводные и портативные колонки";Samsung;"Sound Tower MX-ST50B";MX-ST50B/RU;3889829001;2299,00;BYN;"Ваш надежный онлайн-магазин, где вы найдете широкий ассортимент товаров высокого качества по выгодным ценам. Удобное расположение: 300м от метро Ковальская Слобода. Быстрая доставка и отличное обслуживание — все для приятных покупок";"Самсунг Электроникс Компани, ЛТД. Мэтан-донг 129, Самсунг-ро, Енгтонг-гу, Сувон, Кенги-до, 443-742, Республика Корея.";"ООО «АйТи Дистрибуция» Минский р-н, Боровлянский с/с, д. Дроздово, 103/3-7, пом. 7-50";"г.Минск ул.Быховская д.35";12;8;9;нет;;нет;;нет;2289,00;нет;нет
3859509;Ноутбуки;Horizont;"H-book 14 МАК4 T32E3W";T32E3W;3859509001;1059,00;BYN;"Ваш надежный онлайн-магазин, где вы найдете широкий ассортимент товаров высокого качества по выгодным ценам. Удобное расположение: 300м от метро Ковальская Слобода. Быстрая доставка по Минску и РБ и отличное обслуживание — все для приятных покупок";"Холдинг ""Горизонт"". РБ, 220014 г. Минск, пер. С.Ковалевской, 62.";"ТрайдексБелПлюс ООО 223016 Минская обл. Минский р-н Новодворский с/с, 33/1-8 к.64 р-н д. Большое Стиклево";"г.Минск, ул. Быховская, д. 35";12;1;2;нет;in_stock;да;;нет;0,00;нет;нет
4743998;"Мобильные телефоны";HONOR;"X8c ABR-LX1 8GB/128GB международная версия (зеленый)";6936520860401;4743998001;599,00;BYN;"Ваш надежный онлайн-магазин, где вы найдете широкий ассортимент товаров высокого качества по выгодным ценам. Удобное расположение: 300м от метро Ковальская Слобода. Быстрая доставка по Минску и РБ и отличное обслуживание — все для приятных покупок";"Шэньчжэнь Цо. ЛТД. Китай, Улица Лунхуа Шэньчжэнь, 2-й этаж, офис Промышленная 3 ли Цзиньчэн Технология промышленного Парк-роуд.";"ТрайдексБелПлюс ООО 223016 Минская обл. Минский р-н Новодворский с/с, 33/1-8 к.64 р-н д. Большое Стиклево";"г.Минск, ул. Быховская, д. 35";12;1;2;нет;in_stock;да;;нет;0,00;нет;нет
4868269;"Блоки питания";Corsair;"RM1000e CP-9020297-EU";CP-9020297-EU;4868269001;629,00;BYN;"Ваш надежный онлайн-магазин, где вы найдете широкий ассортимент товаров высокого качества по выгодным ценам. Удобное расположение: 300м от метро Ковальская Слобода. Быстрая доставка по Минску и РБ и отличное обслуживание — все для приятных покупок";"Асрок ИНК. 2Ф., Г. № 37, Зд. 2, Йхонгянг С. Ш., Тайбэй, Тайбэй 112, Тайвань (Р. О. Ц.).";"ТрайдексБелПлюс ООО 223016 Минская обл. Минский р-н Новодворский с/с, 33/1-8 к.64 р-н д. Большое Стиклево";"г.Минск, ул. Быховская, д. 35";12;3;4;нет;in_stock;да;;нет;0,00;нет;нет
4868313;"Блоки питания";Corsair;"HX1500i CP-9020309-EU";CP-9020309-EU;4868313001;1499,00;BYN;"Ваш надежный онлайн-магазин, где вы найдете широкий ассортимент товаров высокого качества по выгодным ценам. Удобное расположение: 300м от метро Ковальская Слобода. Быстрая доставка по Минску и РБ и отличное обслуживание — все для приятных покупок";"Асрок ИНК. 2Ф., Г. № 37, Зд. 2, Йхонгянг С. Ш., Тайбэй, Тайбэй 112, Тайвань (Р. О. Ц.).";"ТрайдексБелПлюс ООО 223016 Минская обл. Минский р-н Новодворский с/с, 33/1-8 к.64 р-н д. Большое Стиклево";"г.Минск, ул. Быховская, д. 35";12;8;9;нет;;нет;;нет;0,00;нет;нет
4854252;Ноутбуки;Blackview;"AceBook 12-I512450H (серый)";BVAceBook12-I512450H;4854252001;0,00;BYN;"Ваш надежный онлайн-магазин, где вы найдете широкий ассортимент товаров высокого качества по выгодным ценам. Удобное расположение: 300м от метро Ковальская Слобода. Быстрая доставка по Минску и РБ и отличное обслуживание — все для приятных покупок";"Шэньчжэнь Цо. ЛТД. Китай, Улица Лунхуа Шэньчжэнь, 2-й этаж, офис Промышленная 3 ли Цзиньчэн Технология промышленного Парк-роуд.";"ТрайдексБелПлюс ООО 223016 Минская обл. Минский р-н Новодворский с/с, 33/1-8 к.64 р-н д. Большое Стиклево";"г.Минск, ул. Быховская, д. 35";12;3;4;нет;;нет;;нет;0,00;нет;нет
5120922;Ноутбуки;Ninkear;"N16 Pro 2026 24GB/1TB";NKN16prohn125241024;5120922001;0,00;BYN;"Ваш надежный онлайн-магазин, где вы найдете широкий ассортимент товаров высокого качества по выгодным ценам. Удобное расположение: 300м от метро Ковальская Слобода. Быстрая доставка по Минску и РБ и отличное обслуживание — все для приятных покупок";"Шэньчжэнь Нинкеар Текнолоджи Ко. Лтд. Комната 212, Зонгтай Фьюче Сити, №2007 Баоюань роуд, улица Сишианг, район Баоань, Шэньчжэнь, провинция Гуандун, Китай.";"ТрайдексБелПлюс ООО 223016 Минская обл. Минский р-н Новодворский с/с, 33/1-8 к.64 р-н д. Большое Стиклево";"г.Минск, ул. Быховская, д. 35";12;3;4;нет;;нет;;нет;0,00;нет;нет
4750259;"Женские и мужские сумки";Defender;"Lite 17"" (черный)";26089;4750259001;31,00;BYN;"Ваш надежный онлайн-магазин, где вы найдете широкий ассортимент товаров высокого качества по выгодным ценам. Удобное расположение: 300м от метро Ковальская Слобода. Быстрая доставка по Минску и РБ и отличное обслуживание — все для приятных покупок";"Шэньжень Лайт Стар Электроникс Технолоджи Компани, ЛТД. Китай, Ксингхонг Парк науки и технологий, Пхенгхуангганг, Пхест, Промзона, Ксиксианг, Заречье баоан, Дистрицт, Шэньчжэнь.";"ТрайдексБелПлюс ООО 223016 Минская обл. Минский р-н Новодворский с/с, 33/1-8 к.64 р-н д. Большое Стиклево";"г.Минск, ул. Быховская, д. 35";12;3;5;нет;;нет;;нет;0,00;нет;нет
4947448;Ноутбуки;MSI;"Modern 15 B7M-462XBY Win 11 Pro";;4947448001;1799,00;BYN;"Ваш надежный онлайн-магазин, где вы найдете широкий ассортимент товаров высокого качества по выгодным ценам. Удобное расположение: 300м от метро Ковальская Слобода. Быстрая доставка по Минску и РБ и отличное обслуживание — все для приятных покупок";"Микро-Стар Интернешнл Компани, ЛТД. Тайвань, Под № 69, Идного Ул., Чжунхэ Н., Новый Тайбэй 235.";"ТрайдексБелПлюс ООО 223016 Минская обл. Минский р-н Новодворский с/с, 33/1-8 к.64 р-н д. Большое Стиклево";"г.Минск, ул. Быховская, д. 35";12;1;2;нет;;нет;;нет;0,00;нет;нет
5094540;Ноутбуки;Ninkear;"A15 Plus 2025 16GB/1TB";;5094540001;1999,00;BYN;"Ваш надежный онлайн-магазин, где вы найдете широкий ассортимент товаров высокого качества по выгодным ценам. Удобное расположение: 300м от метро Ковальская Слобода. Быстрая доставка по Минску и РБ и отличное обслуживание — все для приятных покупок";"Шэньчжэнь Нинкеар Текнолоджи Ко. Лтд. Комната 212, Зонгтай Фьюче Сити, №2007 Баоюань роуд, улица Сишианг, район Баоань, Шэньчжэнь, провинция Гуандун, Китай.";"ТрайдексБелПлюс ООО 223016 Минская обл. Минский р-н Новодворский с/с, 33/1-8 к.64 р-н д. Большое Стиклево";"г.Минск, ул. Быховская, д. 35";12;3;4;нет;;нет;;нет;0,00;нет;нет
5039032;Ноутбуки;Ninkear;"S14 16GB/1TB";S14-Ryzen57535-16/1;5039032001;1899,00;BYN;"Ваш надежный онлайн-магазин, где вы найдете широкий ассортимент товаров высокого качества по выгодным ценам. Удобное расположение: 300м от метро Ковальская Слобода. Быстрая доставка по Минску и РБ и отличное обслуживание — все для приятных покупок";"Шэньчжэнь Нинкеар Текнолоджи Ко. Лтд. Комната 212, Зонгтай Фьюче Сити, №2007 Баоюань роуд, улица Сишианг, район Баоань, Шэньчжэнь, провинция Гуандун, Китай.";"ТрайдексБелПлюс ООО 223016 Минская обл. Минский р-н Новодворский с/с, 33/1-8 к.64 р-н д. Большое Стиклево";"г.Минск, ул. Быховская, д. 35";12;2;3;нет;;нет;;нет;0,00;нет;нет
4941856;"Варочные панели";Tuvio;HIS48FBB1;HIS48FBB1;4941856001;419,00;BYN;"Ваш надежный онлайн-магазин, где вы найдете широкий ассортимент товаров высокого качества по выгодным ценам. Удобное расположение: 300м от метро Ковальская Слобода. Быстрая доставка и отличное обслуживание — все для приятных покупок";"ООО ""Яндекс"". РФ, г. Москва, вн.тер.г. муниципальный округ Хамовники, ул. Льва Толстого, д. 16.";"ООО ""ТрайдексБелПлюс» 223053, Беларусь, Минская обл., Минск, Боровлянский с/с, 103/3-7, в районе д. Дроздово";"г. Минск, ул. Быховская. д. 35";12;1;2;нет;in_stock;да;;нет;0,00;нет;нет
4688746;"Игровые приставки";Nintendo;"Switch Lite Hyrule Edition";;4688746001;1299,00;BYN;"Ваш надежный онлайн-магазин, где вы найдете широкий ассортимент товаров высокого качества по выгодным ценам. Удобное расположение: 300м от метро Ковальская Слобода. Быстрая доставка и отличное обслуживание — все для приятных покупок";"Нинтендо оф Америка ИНК. США, Вашингтон";"ООО «АйТи Дистрибуция» Минский р-н, Боровлянский с/с, д. Дроздово, 103/3-7, пом. 7-50";"г.Минск ул.Быховская д.35";12;7;8;нет;;нет;;нет;1289,00;нет;нет
5120409;Экшен-камеры;Insta360;"X4 Air Starter Bundle (черный)";;5120409001;1899,00;BYN;"Ваш надежный онлайн-магазин, где вы найдете широкий ассортимент товаров высокого качества по выгодным ценам. Удобное расположение: 300м от метро Ковальская Слобода. Быстрая доставка и отличное обслуживание — все для приятных покупок";"Шенжен Араши Вижн Компани Лимитед. Рум А601,603,605,6/Ф, Буилдинг А,Логан Центуры Центре, 23 Хаиxиу Роад, Баоан Дистрицт, Шенжен, Гуангдонг, Китай.";"ООО «АйТи Дистрибуция» Минский р-н, Боровлянский с/с, д. Дроздово, 103/3-7, пом. 7-50";"г.Минск ул.Быховская д.35";12;7;8;нет;;нет;;нет;1889,00;нет;нет
5120482;Экшен-камеры;Insta360;"X4 Air Starter Bundle (белый)";;5120482001;2099,00;BYN;"Ваш надежный онлайн-магазин, где вы найдете широкий ассортимент товаров высокого качества по выгодным ценам. Удобное расположение: 300м от метро Ковальская Слобода. Быстрая доставка и отличное обслуживание — все для приятных покупок";"Шенжен Араши Вижн Компани Лимитед. Рум А601,603,605,6/Ф, Буилдинг А,Логан Центуры Центре, 23 Хаиxиу Роад, Баоан Дистрицт, Шенжен, Гуангдонг, Китай.";"ООО «АйТи Дистрибуция» Минский р-н, Боровлянский с/с, д. Дроздово, 103/3-7, пом. 7-50";"г.Минск ул.Быховская д.35";12;7;8;нет;;нет;;нет;2089,00;нет;нет
2165037;"Графические планшеты";Huion;"Kamvas 13 (космический черный)";"KAMVAS 13 BLACK";2165037001;1099,00;BYN;"Ваш надежный онлайн-магазин, где вы найдете широкий ассортимент товаров высокого качества по выгодным ценам. Удобное расположение: 300м от метро Ковальская Слобода. Быстрая доставка и отличное обслуживание — все для приятных покупок";"Шэньчжэнь Хуион Аниматион Технолоджи Цо. ЛТД. Здание Чиіоп, Парк Высоких Технологий Шифенг, Шэньчжэнь, Китай.";"ООО «АйТи Дистрибуция» Минский р-н, Боровлянский с/с, д. Дроздово, 103/3-7, пом. 7-50";"г.Минск ул.Быховская д.35";12;7;8;нет;;нет;;нет;1089,00;нет;нет
2886456;Процессоры;Intel;"Core i7-12700";CM8071504555019;2886456001;1099,00;BYN;"Ваш надежный онлайн-магазин, где вы найдете широкий ассортимент товаров высокого качества по выгодным ценам. Удобное расположение: 300м от метро Ковальская Слобода. Быстрая доставка по Минску и РБ и отличное обслуживание — все для приятных покупок";"Интел Корпорейшн. 2200 Мишн Колледж, Бульвар Санта Клара, Калифорния 95054, США.";"ТрайдексБелПлюс ООО 223016 Минская обл. Минский р-н Новодворский с/с, 33/1-8 к.64 р-н д. Большое Стиклево";"г.Минск, ул. Быховская, д. 35";12;3;4;нет;;нет;;нет;0,00;нет;нет
4609033;"Оперативная память";Samsung;"8ГБ DDR5 SODIMM 5600 МГц M425R1GB4BB0-CWMOD";M425R1GB4BB0-CWMOD;4609033001;219,00;BYN;"OEM поставка. В наличии 1шт. Ваш надежный онлайн-магазин, где вы найдете широкий ассортимент товаров высокого качества по выгодным ценам. Удобное расположение: 300м от метро Ковальская Слобода. Быстрая доставка по Минску и РБ и отличное обслуживание";"Асрок ИНК. 2Ф., Г. № 37, Зд. 2, Йхонгянг С. Ш., Тайбэй, Тайбэй 112, Тайвань (Р. О. Ц.).";"ТрайдексБелПлюс ООО 223016 Минская обл. Минский р-н Новодворский с/с, 33/1-8 к.64 р-н д. Большое Стиклево";"г.Минск, ул. Быховская, д. 35";12;1;3;нет;;нет;;нет;0,00;нет;нет
4760592;"Блоки питания";"be quiet!";"Power Zone 2 850W";BP007EU;4760592001;744,00;BYN;"Ваш надежный онлайн-магазин, где вы найдете широкий ассортимент товаров высокого качества по выгодным ценам. Удобное расположение: 300м от метро Ковальская Слобода. Быстрая доставка по Минску и РБ и отличное обслуживание — все для приятных покупок";"Асрок ИНК. 2Ф., Г. № 37, Зд. 2, Йхонгянг С. Ш., Тайбэй, Тайбэй 112, Тайвань (Р. О. Ц.).";"ТрайдексБелПлюс ООО 223016 Минская обл. Минский р-н Новодворский с/с, 33/1-8 к.64 р-н д. Большое Стиклево";"г.Минск, ул. Быховская, д. 35";12;1;2;нет;in_stock;да;;нет;0,00;нет;нет
4674849;"Беспроводные и портативные колонки";Bose;"SoundLink Max (черный)";;4674849001;1499,00;BYN;"Ваш надежный онлайн-магазин, где вы найдете широкий ассортимент товаров высокого качества по выгодным ценам. Удобное расположение: 300м от метро Ковальская Слобода. Быстрая доставка и отличное обслуживание — все для приятных покупок";"Босе Корпорейшн. США, Фрамингем, Массачусетс 01701, 100 горной дороге.";"ООО «АйТи Дистрибуция» Минский р-н, Боровлянский с/с, д. Дроздово, 103/3-7, пом. 7-50";"г.Минск ул.Быховская д.35";12;6;7;нет;;нет;;нет;1489,00;нет;нет
4674864;"Беспроводные и портативные колонки";Bose;"SoundLink Max (синий)";;4674864001;1499,00;BYN;"Ваш надежный онлайн-магазин, где вы найдете широкий ассортимент товаров высокого качества по выгодным ценам. Удобное расположение: 300м от метро Ковальская Слобода. Быстрая доставка и отличное обслуживание — все для приятных покупок";"Босе Корпорейшн. США, Фрамингем, Массачусетс 01701, 100 горной дороге.";"ООО «АйТи Дистрибуция» Минский р-н, Боровлянский с/с, д. Дроздово, 103/3-7, пом. 7-50";"г.Минск ул.Быховская д.35";12;6;7;нет;;нет;;нет;1489,00;нет;нет
4754050;"Беспроводные и портативные колонки";Bose;"SoundLink Flex 2nd Gen (черный)";887612-0100;4754050001;629,00;BYN;"Ваш надежный онлайн-магазин, где вы найдете широкий ассортимент товаров высокого качества по выгодным ценам. Удобное расположение: 300м от метро Ковальская Слобода. Быстрая доставка и отличное обслуживание — все для приятных покупок";"Босе Корпорейшн. США, Фрамингем, Массачусетс 01701, 100 горной дороге.";"ООО «АйТи Дистрибуция» Минский р-н, Боровлянский с/с, д. Дроздово, 103/3-7, пом. 7-50";"г.Минск ул.Быховская д.35";12;6;7;нет;;нет;;нет;619,00;нет;нет
1915557;"Беспроводные и портативные колонки";Bose;"SoundLink Micro (оранжевый)";;1915557001;899,00;BYN;"Ваш надежный онлайн-магазин, где вы найдете широкий ассортимент товаров высокого качества по выгодным ценам. Удобное расположение: 300м от метро Ковальская Слобода. Быстрая доставка и отличное обслуживание — все для приятных покупок";"Босе Корпорейшн. США, Фрамингем, Массачусетс 01701, 100 горной дороге.";"ООО «АйТи Дистрибуция» Минский р-н, Боровлянский с/с, д. Дроздово, 103/3-7, пом. 7-50";"г.Минск ул.Быховская д.35";12;6;7;нет;;нет;;нет;889,00;нет;нет
4754045;"Беспроводные и портативные колонки";Bose;"SoundLink Flex 2nd Gen (розовый)";;4754045001;629,00;BYN;"Ваш надежный онлайн-магазин, где вы найдете широкий ассортимент товаров высокого качества по выгодным ценам. Удобное расположение: 300м от метро Ковальская Слобода. Быстрая доставка и отличное обслуживание — все для приятных покупок";"Босе Корпорейшн. США, Фрамингем, Массачусетс 01701, 100 горной дороге.";"ООО «АйТи Дистрибуция» Минский р-н, Боровлянский с/с, д. Дроздово, 103/3-7, пом. 7-50";"г.Минск ул.Быховская д.35";12;6;7;нет;;нет;;нет;619,00;нет;нет
4754044;"Беспроводные и портативные колонки";Bose;"SoundLink Flex 2nd Gen (синий)";887612-0200;4754044001;629,00;BYN;"Ваш надежный онлайн-магазин, где вы найдете широкий ассортимент товаров высокого качества по выгодным ценам. Удобное расположение: 300м от метро Ковальская Слобода. Быстрая доставка и отличное обслуживание — все для приятных покупок";"Босе Корпорейшн. США, Фрамингем, Массачусетс 01701, 100 горной дороге.";"ООО «АйТи Дистрибуция» Минский р-н, Боровлянский с/с, д. Дроздово, 103/3-7, пом. 7-50";"г.Минск ул.Быховская д.35";12;6;7;нет;;нет;;нет;619,00;нет;нет
4754057;"Беспроводные и портативные колонки";Bose;"SoundLink Home (серебристый)";;4754057001;999,00;BYN;"Ваш надежный онлайн-магазин, где вы найдете широкий ассортимент товаров высокого качества по выгодным ценам. Удобное расположение: 300м от метро Ковальская Слобода. Быстрая доставка и отличное обслуживание — все для приятных покупок";"Босе Корпорейшн. США, Фрамингем, Массачусетс 01701, 100 горной дороге.";"ООО «АйТи Дистрибуция» Минский р-н, Боровлянский с/с, д. Дроздово, 103/3-7, пом. 7-50";"г.Минск ул.Быховская д.35";12;6;7;нет;;нет;;нет;989,00;нет;нет
4754060;"Беспроводные и портативные колонки";Bose;"SoundLink Home (черный)";;4754060001;999,00;BYN;"Ваш надежный онлайн-магазин, где вы найдете широкий ассортимент товаров высокого качества по выгодным ценам. Удобное расположение: 300м от метро Ковальская Слобода. Быстрая доставка и отличное обслуживание — все для приятных покупок";"Босе Корпорейшн. США, Фрамингем, Массачусетс 01701, 100 горной дороге.";"ООО «АйТи Дистрибуция» Минский р-н, Боровлянский с/с, д. Дроздово, 103/3-7, пом. 7-50";"г.Минск ул.Быховская д.35";12;6;7;нет;;нет;;нет;989,00;нет;нет
5024585;"Саундбары и домашние кинотеатры";Bose;"Solo Soundbar 2";845194-1100;5024585001;999,00;BYN;"Ваш надежный онлайн-магазин, где вы найдете широкий ассортимент товаров высокого качества по выгодным ценам. Удобное расположение: 300м от метро Ковальская Слобода. Быстрая доставка и отличное обслуживание — все для приятных покупок";"Босе Корпорейшн. США, Фрамингем, Массачусетс 01701, 100 горной дороге.";"ООО «АйТи Дистрибуция» Минский р-н, Боровлянский с/с, д. Дроздово, 103/3-7, пом. 7-50";"г.Минск ул.Быховская д.35";12;6;7;нет;;нет;;нет;989,00;нет;нет
4761203;Экшен-камеры;DJI;"Osmo Action 4 Standard Combo";"2024261 Standard Combo";4761203001;1149,00;BYN;"Ваш надежный онлайн-магазин, где вы найдете широкий ассортимент товаров высокого качества по выгодным ценам. Удобное расположение: 300м от метро Ковальская Слобода. Быстрая доставка и отличное обслуживание — все для приятных покупок";"Да-Йианг Инноватионс Сайнс энд Технолоджи Цо. ЛТД. 14-й этаж, Западное крыло, Скывортх том здании полупроводниковые разработки № 18 Южная 4-я ул. Гаосинь, Заречье наншан, 518057 Шенжен, Китай.";"ООО «АйТи Дистрибуция» Минский р-н, Боровлянский с/с, д. Дроздово, 103/3-7, пом. 7-50";"г.Минск ул.Быховская д.35";12;7;6;нет;;нет;;нет;1139,00;нет;нет
4637755;Конструкторы;LEGO;"Super Mario 71440 Приключения с интерактивным Луиджи";71440;4637755001;299,00;BYN;"ОРИГИНАЛ. В нашем интернет-магазине Вы найдете технику по лучшим ценам. Грамотная консультация. Официальная гарантия. Быстрая доставка в любую точку Беларуси. Не работаем  с картами рассрочки:халва, красная карта, черепаха и т.д.! Рассрочка и кредит";"его АС. ДК-7190 Биллунд, Дания.";"ТрайдексБелПлюс ООО";"г.Минск ул.Быховская д.35";12;6;7;нет;;нет;;нет;289,00;нет;нет
5099737;Конструкторы;LEGO;"Star Wars 75426 Smart Play Сокол Тысячелетия";75426;5099737001;369,00;BYN;"ОРИГИНАЛ. В нашем интернет-магазине Вы найдете технику по лучшим ценам. Грамотная консультация. Официальная гарантия. Быстрая доставка в любую точку Беларуси. Не работаем  с картами рассрочки:халва, красная карта, черепаха и т.д.! Рассрочка и кредит";"его АС. ДК-7190 Биллунд, Дания.";"ТрайдексБелПлюс ООО";"г.Минск ул.Быховская д.35";12;6;7;нет;;нет;;нет;359,00;нет;нет
5094570;Конструкторы;LEGO;"Star Wars 75399 Звёздный истребитель повстанцев U-wing";75399;5094570001;249,00;BYN;"ОРИГИНАЛ. В нашем интернет-магазине Вы найдете технику по лучшим ценам. Грамотная консультация. Официальная гарантия. Быстрая доставка в любую точку Беларуси. Не работаем  с картами рассрочки:халва, красная карта, черепаха и т.д.! Рассрочка и кредит";"его АС. ДК-7190 Биллунд, Дания.";"ТрайдексБелПлюс ООО";"г.Минск ул.Быховская д.35";12;6;7;нет;;нет;;нет;239,00;нет;нет
4961288;Конструкторы;LEGO;"Ninjago Додзе Тени Волчьей Маски 71813";71813;4961288001;549,00;BYN;"ОРИГИНАЛ. В нашем интернет-магазине Вы найдете технику по лучшим ценам. Грамотная консультация. Официальная гарантия. Быстрая доставка в любую точку Беларуси. Не работаем  с картами рассрочки:халва, красная карта, черепаха и т.д.! Рассрочка и кредит";"Лего АС. ДК-7190 Биллунд, Дания.";"ТрайдексБелПлюс ООО";"г.Минск ул.Быховская д.35";12;6;7;нет;;нет;;нет;539,00;нет;нет
4791025;Конструкторы;LEGO;"Architecture 21062 Фонтан Треви";21062;4791025001;499,00;BYN;"ОРИГИНАЛ. В нашем интернет-магазине Вы найдете технику по лучшим ценам. Грамотная консультация. Официальная гарантия. Быстрая доставка в любую точку Беларуси. Не работаем  с картами рассрочки:халва, красная карта, черепаха и т.д.! Рассрочка и кредит";"Лего АС. ДК-7190 Биллунд, Дания.";"ООО «АйТи Дистрибуция»";"г.Минск ул.Быховская д.35";12;6;7;нет;;нет;;нет;489,00;нет;нет
4616858;Конструкторы;LEGO;"Technic Грузовик Volvo FMX и электрический экскаватор EC230 42175";42175;4616858001;699,00;BYN;"ОРИГИНАЛ. В нашем интернет-магазине Вы найдете технику по лучшим ценам. Грамотная консультация. Официальная гарантия. Быстрая доставка в любую точку Беларуси. Не работаем  с картами рассрочки:халва, красная карта, черепаха и т.д.! Рассрочка и кредит";"его АС. ДК-7190 Биллунд, Дания.";"ТрайдексБелПлюс ООО";"ТрайдексБелПлюс ООО";12;6;7;нет;;нет;;нет;589,00;нет;нет
5100280;Конструкторы;LEGO;"Editions 43020 Официальный кубок чемпионата мира FIFA";43020;5100280001;649,00;BYN;"ОРИГИНАЛ. В нашем интернет-магазине Вы найдете технику по лучшим ценам. Грамотная консультация. Официальная гарантия. Быстрая доставка в любую точку Беларуси. Не работаем  с картами рассрочки:халва, красная карта, черепаха и т.д.! Рассрочка и кредит ";"Лего АС. ДК-7190 Биллунд, Дания.";"ООО «АйТи Дистрибуция»";"г.Минск ул.Быховская д.35";12;6;7;нет;;нет;;нет;639,00;нет;нет
4791059;Конструкторы;LEGO;"Technic 42207 Гоночная машина Ferrari SF-24";42207;4791059001;749,00;BYN;"ОРИГИНАЛ. В нашем интернет-магазине Вы найдете технику по лучшим ценам. Грамотная консультация. Официальная гарантия. Быстрая доставка в любую точку Беларуси. Не работаем  с картами рассрочки:халва, красная карта, черепаха и т.д.! Рассрочка и кредит";"Лего АС. ДК-7190 Биллунд, Дания.";"ООО «АйТи Дистрибуция»";"г.Минск ул.Быховская д.35";12;6;7;нет;;нет;;нет;739,00;нет;нет
4456761;Конструкторы;LEGO;"Technic 42171 Mercedes-AMG F1 W14 E Performance";42171;4456761001;699,00;BYN;"ОРИГИНАЛ. В нашем интернет-магазине Вы найдете технику по лучшим ценам. Грамотная консультация. Официальная гарантия. Быстрая доставка в любую точку Беларуси. Не работаем  с картами рассрочки:халва, красная карта, черепаха и т.д.! Рассрочка и кредит";"Лего АС. ДК-7190 Биллунд, Дания.";"ООО «АйТи Дистрибуция»";"г.Минск ул.Быховская д.35";12;6;7;нет;;нет;;нет;689,00;нет;нет
3122287;Конструкторы;LEGO;"Creator Expert 10300 Back to the Future Time Machine";10300;3122287001;818,00;BYN;"ОРИГИНАЛ. В нашем интернет-магазине Вы найдете технику по лучшим ценам. Грамотная консультация. Официальная гарантия. Быстрая доставка в любую точку Беларуси. Не работаем  с картами рассрочки:халва, красная карта, черепаха и т.д.! Рассрочка и кредит";"его АС. ДК-7190 Биллунд, Дания.";"ТрайдексБелПлюс ООО";"г.Минск ул.Быховская д.35";12;6;7;нет;;нет;;нет;808,00;нет;нет
5040707;Конструкторы;LEGO;"Fortnite 77076 Ресторан Durrr Burger";77076;5040707001;209,00;BYN;"ОРИГИНАЛ. В нашем интернет-магазине Вы найдете технику по лучшим ценам. Грамотная консультация. Официальная гарантия. Быстрая доставка в любую точку Беларуси. Не работаем  с картами рассрочки:халва, красная карта, черепаха и т.д.! Рассрочка и кредит";"Лего АС. ДК-7190 Биллунд, Дания.";"ООО «АйТи Дистрибуция»";"г.Минск ул.Быховская д.35";12;6;7;нет;;нет;;нет;199,00;нет;нет
4153652;Конструкторы;LEGO;"Icons 10318 Конкорд";10318;4153652001;799,00;BYN;"ОРИГИНАЛ. В нашем интернет-магазине Вы найдете технику по лучшим ценам. Грамотная консультация. Официальная гарантия. Быстрая доставка в любую точку Беларуси. Не работаем  с картами рассрочки:халва, красная карта, черепаха и т.д.! Рассрочка и кредит";"Лего АС. ДК-7190 Биллунд, Дания.";"ООО «АйТи Дистрибуция»";"г.Минск ул.Быховская д.35";12;6;7;нет;;нет;;нет;789,00;нет;нет
4622780;Конструкторы;LEGO;"Icons 10341 Космическая пусковая система NASA Artemis";10341;4622780001;1149,00;BYN;"ОРИГИНАЛ. В нашем интернет-магазине Вы найдете технику по лучшим ценам. Грамотная консультация. Официальная гарантия. Быстрая доставка в любую точку Беларуси. Не работаем  с картами рассрочки:халва, красная карта, черепаха и т.д.! Рассрочка и кредит";"Лего АС. ДК-7190 Биллунд, Дания.";"ООО «АйТи Дистрибуция»";"г.Минск ул.Быховская д.35";12;6;7;нет;;нет;;нет;1139,00;нет;нет
1524201;Конструкторы;LEGO;"Harry Potter 71043 Замок Хогвартс";71043;1524201001;1599,00;BYN;"ОРИГИНАЛ. В нашем интернет-магазине Вы найдете технику по лучшим ценам. Грамотная консультация. Официальная гарантия. Быстрая доставка в любую точку Беларуси. Не работаем  с картами рассрочки:халва, красная карта, черепаха и т.д.! Рассрочка и кредит";"Лего АС. ДК-7190 Биллунд, Дания.";"ООО «АйТи Дистрибуция»";"г.Минск ул.Быховская д.35";12;6;7;нет;;нет;;нет;1589,00;нет;нет
4663985;Конструкторы;LEGO;"Icons 10337 Lamborghini Countach 5000 Quattrovalvole";10337;4663985001;739,00;BYN;"Оригинал. Ваш надежный онлайн-магазин, где вы найдете широкий ассортимент товаров высокого качества по выгодным ценам. Удобное расположение: 300м от метро Ковальская Слобода. Быстрая доставка и отличное обслуживание — все для приятных покупок";"его АС. ДК-7190 Биллунд, Дания.";"ООО «АйТи Дистрибуция»";"г.Минск ул.Быховская д.35";12;6;7;нет;;нет;;нет;729,00;нет;нет
1331802;Конструкторы;LEGO;"City 60198 Грузовой поезд";60198;1331802001;749,00;BYN;"ОРИГИНАЛ. В нашем интернет-магазине Вы найдете технику по лучшим ценам. Грамотная консультация. Официальная гарантия. Быстрая доставка в любую точку Беларуси. Не работаем  с картами рассрочки:халва, красная карта, черепаха и т.д.! Рассрочка и кредит";"Лего АС. ДК-7190 Биллунд, Дания.";"ООО «АйТи Дистрибуция»";"г.Минск ул.Быховская д.35";12;6;7;нет;;нет;;нет;739,00;нет;нет
4107399;"Блоки питания";"be quiet!";"Straight Power 12 1200W BN339";BN339;4107399001;998,99;BYN;"Ваш надежный онлайн-магазин, где вы найдете широкий ассортимент товаров высокого качества по выгодным ценам. Удобное расположение: 300м от метро Ковальская Слобода. Быстрая доставка по Минску и РБ и отличное обслуживание — все для приятных покупок";"Асрок ИНК. 2Ф., Г. № 37, Зд. 2, Йхонгянг С. Ш., Тайбэй, Тайбэй 112, Тайвань (Р. О. Ц.).";"ТрайдексБелПлюс ООО 223016 Минская обл. Минский р-н Новодворский с/с, 33/1-8 к.64 р-н д. Большое Стиклево";"г.Минск, ул. Быховская, д. 35";12;1;2;нет;in_stock;да;;нет;0,00;нет;нет
4664625;"Наушники и гарнитуры";JBL;"Live Buds 3 (синий)";JBLLIVEBUDS3BLU;4664625001;549,00;BYN;"Ваш надежный онлайн-магазин, где вы найдете широкий ассортимент товаров высокого качества по выгодным ценам. Удобное расположение: 300м от метро Ковальская Слобода. Быстрая доставка и отличное обслуживание — все для приятных покупок";"Харман Интернешнл Индастриес ИНК. 8400 Бульвар Бальбоа, Нортридж, Калифорния 91329-0001 США";"ООО «АйТи Дистрибуция» Минский р-н, Боровлянский с/с, д. Дроздово, 103/3-7, пом. 7-50";"г.Минск ул.Быховская д.35";12;6;7;нет;;нет;;нет;539,00;нет;нет
4695651;"Наушники и гарнитуры";Oppo;"Enco Air4 Pro (черный)";;4695651001;349,00;BYN;"Ваш надежный онлайн-магазин, где вы найдете широкий ассортимент товаров высокого качества по выгодным ценам. Удобное расположение: 300м от метро Ковальская Слобода. Быстрая доставка и отличное обслуживание — все для приятных покупок";"Оппо Электроникс Корпорейшн ЛТД. Китай, нет.28, ИНДУСТРИАЛЬНЫЙ ПАРК СИНЬАНЬ, ЧЕНВУ, ВУША ДЕРЕВНЯ, ГОРОДОК ЧАНГ'АН, ГОРОД ДОНГГУАН, ПРОВИНЦИЯ ГУАНДУН.";"ООО «АйТи Дистрибуция» Минский р-н, Боровлянский с/с, д. Дроздово, 103/3-7, пом. 7-50";"г.Минск ул.Быховская д.35";12;6;7;нет;;нет;;нет;339,00;нет;нет
4695646;"Наушники и гарнитуры";Oppo;"Enco Air4 Pro (белый)";;4695646001;349,00;BYN;"Ваш надежный онлайн-магазин, где вы найдете широкий ассортимент товаров высокого качества по выгодным ценам. Удобное расположение: 300м от метро Ковальская Слобода. Быстрая доставка и отличное обслуживание — все для приятных покупок";"Оппо Электроникс Корпорейшн ЛТД. Китай, нет.28, ИНДУСТРИАЛЬНЫЙ ПАРК СИНЬАНЬ, ЧЕНВУ, ВУША ДЕРЕВНЯ, ГОРОДОК ЧАНГ'АН, ГОРОД ДОНГГУАН, ПРОВИНЦИЯ ГУАНДУН.";"ООО «АйТи Дистрибуция» Минский р-н, Боровлянский с/с, д. Дроздово, 103/3-7, пом. 7-50";"г.Минск ул.Быховская д.35";12;6;7;нет;;нет;;нет;339,00;нет;нет
3981288;"Наушники и гарнитуры";JBL;"Endurance Peak 3 (белый)";JBLENDURPEAK3WT;3981288001;399,00;BYN;"Ваш надежный онлайн-магазин, где вы найдете широкий ассортимент товаров высокого качества по выгодным ценам. Удобное расположение: 300м от метро Ковальская Слобода. Быстрая доставка и отличное обслуживание — все для приятных покупок";"Харман Интернешнл Индастриес ИНК. 8400 Бульвар Бальбоа, Нортридж, Калифорния 91329-0001 США";"ООО «АйТи Дистрибуция» Минский р-н, Боровлянский с/с, д. Дроздово, 103/3-7, пом. 7-50";"г.Минск ул.Быховская д.35";12;5;6;нет;;нет;;нет;394,00;нет;нет
4965600;Пылесосы;Karcher;"FCV 4 Extra+ 1.056-134.0";1.056-134.0;4965600001;1599,00;BYN;"Ваш надежный онлайн-магазин, где вы найдете широкий ассортимент товаров высокого качества по выгодным ценам. Удобное расположение: 300м от метро Ковальская Слобода. Быстрая доставка и отличное обслуживание — все для приятных покупок";"Альфред Керхер ГМБХ энд Компани КГ. Альфред Керхер-Штрассе 28-40, 71364 Винненден, Германия.";"ТрайдексБелПлюс ООО";"г.Минск ул.Быховская д.35";12;5;6;нет;;нет;;нет;1590,00;нет;нет
5101354;Конструкторы;LEGO;"Editions 43019 Футбольный мяч";43019;5101354001;449,00;BYN;"Ваш надежный онлайн-магазин, где вы найдете широкий ассортимент товаров высокого качества по выгодным ценам. Удобное расположение: 300м от метро Ковальская Слобода. Быстрая доставка и отличное обслуживание — все для приятных покупок";"его АС. ДК-7190 Биллунд, Дания.";"ООО «АйТи Дистрибуция» Минский р-н, Боровлянский с/с, д. Дроздово, 103/3-7, пом. 7-50";"г.Минск ул.Быховская д.35";12;6;7;нет;;нет;;нет;439,00;нет;нет
4664737;Конструкторы;LEGO;"Art 31213 Мона Лиза";31213;4664737001;349,00;BYN;"Ваш надежный онлайн-магазин, где вы найдете широкий ассортимент товаров высокого качества по выгодным ценам. Удобное расположение: 300м от метро Ковальская Слобода. Быстрая доставка и отличное обслуживание — все для приятных покупок";"его АС. ДК-7190 Биллунд, Дания.";"ООО «АйТи Дистрибуция» Минский р-н, Боровлянский с/с, д. Дроздово, 103/3-7, пом. 7-50";"г.Минск ул.Быховская д.35";12;6;7;нет;;нет;;нет;339,00;нет;нет
4869997;Конструкторы;LEGO;"Art 31215 Винсент Ван Гог — Подсолнухи";31215;4869997001;659,00;BYN;"Ваш надежный онлайн-магазин, где вы найдете широкий ассортимент товаров высокого качества по выгодным ценам. Удобное расположение: 300м от метро Ковальская Слобода. Быстрая доставка и отличное обслуживание — все для приятных покупок";"его АС. ДК-7190 Биллунд, Дания.";"ООО «АйТи Дистрибуция» Минский р-н, Боровлянский с/с, д. Дроздово, 103/3-7, пом. 7-50";"г.Минск ул.Быховская д.35";12;6;7;нет;;нет;;нет;649,00;нет;нет
5145791;Конструкторы;LEGO;"Art 31220 Клод Моне — Мост через пруд с водяными лилиями";31220;5145791001;699,00;BYN;"Ваш надежный онлайн-магазин, где вы найдете широкий ассортимент товаров высокого качества по выгодным ценам. Удобное расположение: 300м от метро Ковальская Слобода. Быстрая доставка и отличное обслуживание — все для приятных покупок";"его АС. ДК-7190 Биллунд, Дания.";"ООО «АйТи Дистрибуция» Минский р-н, Боровлянский с/с, д. Дроздово, 103/3-7, пом. 7-50";"г.Минск ул.Быховская д.35";12;6;7;нет;;нет;;нет;689,00;нет;нет
4946144;Конструкторы;LEGO;"Technic 42215 Гибридный экскаватор Volvo EC500";42215;4946144001;0,00;BYN;"Ваш надежный онлайн-магазин, где вы найдете широкий ассортимент товаров высокого качества по выгодным ценам. Удобное расположение: 300м от метро Ковальская Слобода. Быстрая доставка и отличное обслуживание — все для приятных покупок";"его АС. ДК-7190 Биллунд, Дания.";"ООО «АйТи Дистрибуция» Минский р-н, Боровлянский с/с, д. Дроздово, 103/3-7, пом. 7-50";"г.Минск ул.Быховская д.35";12;6;7;нет;;нет;;нет;0,00;нет;нет
4791042;Конструкторы;LEGO;"City 60472 Свалка с автомобилями";60472;4791042001;349,00;BYN;"Ваш надежный онлайн-магазин, где вы найдете широкий ассортимент товаров высокого качества по выгодным ценам. Удобное расположение: 300м от метро Ковальская Слобода. Быстрая доставка и отличное обслуживание — все для приятных покупок";"его АС. ДК-7190 Биллунд, Дания.";"ООО «АйТи Дистрибуция» Минский р-н, Боровлянский с/с, д. Дроздово, 103/3-7, пом. 7-50";"г.Минск ул.Быховская д.35";12;6;7;нет;;нет;;нет;339,00;нет;нет
